Date,Time,Magnitude,Epicenter
B.S:2067-9-3A.D:2010-12-18,Local:11:00UTC:N/A,4.1,Gorkha
B.S:2067-8-19A.D:2010-12-05,Local:11:00UTC:N/A,4.2,Bajura
B.S:2067-8-14A.D:2010-11-30,Local:11:00UTC:N/A,4.4,Mahottari
B.S:2067-8-9A.D:2010-11-25,Local:11:00UTC:N/A,4.5,Salyan
B.S:2067-8-9A.D:2010-11-25,Local:11:00UTC:N/A,4.7,Baglung
B.S:2067-6-31A.D:2010-10-17,Local:11:00UTC:N/A,5.0,Tibet
B.S:2067-5-16A.D:2010-09-01,Local:11:00UTC:N/A,4.0,Lamjung
B.S:2067-2-30A.D:2010-06-13,Local:11:00UTC:N/A,4.5,Bajura
B.S:2067-2-30A.D:2010-06-13,Local:11:00UTC:N/A,4.0,Solukhumbu
B.S:2067-2-30A.D:2010-06-13,Local:11:00UTC:N/A,4.8,Bajura
B.S:2067-1-30A.D:2010-05-13,Local:11:00UTC:N/A,4.2,Lamjung
B.S:2067-1-17A.D:2010-04-30,Local:11:00UTC:N/A,4.0,Dolakha
B.S:2067-1-1A.D:2010-04-14,Local:11:00UTC:N/A,4.2,Baglung
B.S:2066-12-31A.D:2010-04-13,Local:11:00UTC:N/A,4.5,Bajura
B.S:2066-11-17A.D:2010-03-01,Local:11:00UTC:N/A,4.3,Bajura
B.S:2066-11-16A.D:2010-02-28,Local:11:00UTC:N/A,4.1,Baglung
B.S:2066-11-13A.D:2010-02-25,Local:11:00UTC:N/A,4.6,Bajhang
B.S:2066-11-5A.D:2010-02-17,Local:11:00UTC:N/A,4.1,Dhanusa
B.S:2066-10-4A.D:2010-01-18,Local:11:00UTC:N/A,4.1,Kaski
B.S:2068-9-15A.D:2011-12-30,Local:07:55UTC:2:10 AM,4.0,Bajura
B.S:2068-9-3A.D:2011-12-18,Local:03:20UTC:9:35 PM,4.6,Taplejung
B.S:2068-8-28A.D:2011-12-14,Local:02:05UTC:8:20 PM,4.9,Taplejung
B.S:2068-8-23A.D:2011-12-09,Local:04:42UTC:10:57 PM,4.2,Taplejung
B.S:2068-8-22A.D:2011-12-08,Local:23:25UTC:5:40 PM,4.0,Pyuthan
B.S:2068-8-16A.D:2011-12-02,Local:11:00UTC:N/A,4.2,Rasuwa
B.S:2068-8-7A.D:2011-11-23,Local:11:00UTC:N/A,4.2,Dailekh
B.S:2068-8-3A.D:2011-11-19,Local:11:00UTC:N/A,4.1,Dolakha
B.S:2068-7-27A.D:2011-11-13,Local:11:00UTC:N/A,5.0,Gorkha
B.S:2068-7-22A.D:2011-11-08,Local:11:00UTC:N/A,4.1,Sindhupalchowk
B.S:2068-7-18A.D:2011-11-04,Local:11:00UTC:N/A,4.0,Parbat
B.S:2068-6-15A.D:2011-10-02,Local:11:00UTC:N/A,4.2,Bajura
B.S:2068-6-14A.D:2011-10-01,Local:11:00UTC:N/A,4.7,Humla
B.S:2068-6-1A.D:2011-09-18,Local:11:00UTC:N/A,6.8,Taplejung-Sikkim Border
B.S:2068-5-10A.D:2011-08-27,Local:11:00UTC:N/A,5.0,Udayapur
B.S:2068-5-8A.D:2011-08-25,Local:11:00UTC:N/A,4.4,Rolpa
B.S:2068-5-5A.D:2011-08-22,Local:11:00UTC:N/A,4.0,Kaski
B.S:2068-5-2A.D:2011-08-19,Local:11:00UTC:N/A,4.9,Bajhang
B.S:2068-5-1A.D:2011-08-18,Local:11:00UTC:N/A,4.0,Lamjung
B.S:2068-4-30A.D:2011-08-15,Local:11:00UTC:N/A,5.0,Ramechhap
B.S:2068-4-24A.D:2011-08-09,Local:11:00UTC:N/A,4.3,Bajhang
B.S:2068-4-17A.D:2011-08-02,Local:11:00UTC:N/A,4.0,Khotang
B.S:2068-4-13A.D:2011-07-29,Local:11:00UTC:N/A,4.2,Khotang
B.S:2068-3-31A.D:2011-07-15,Local:11:00UTC:N/A,4.5,Sankhuwasabha
B.S:2068-3-4A.D:2011-06-18,Local:11:00UTC:N/A,4.3,Sankhuwasabha
B.S:2068-3-3A.D:2011-06-17,Local:11:00UTC:N/A,4.2,Humla
B.S:2068-2-28A.D:2011-06-11,Local:11:00UTC:N/A,4.1,Rolpa
B.S:2068-2-28A.D:2011-06-11,Local:11:00UTC:N/A,4.2,Rolpa
B.S:2068-2-20A.D:2011-06-03,Local:11:00UTC:N/A,5.2,Taplejung
B.S:2067-12-24A.D:2011-04-07,Local:11:00UTC:N/A,4.1,Sindhupalchowk
B.S:2067-12-22A.D:2011-04-05,Local:11:00UTC:N/A,4.1,Darchula
B.S:2067-12-21A.D:2011-04-04,Local:11:00UTC:N/A,5.7,Darchula
B.S:2067-12-21A.D:2011-04-04,Local:11:00UTC:N/A,4.1,Darchula
B.S:2067-12-8A.D:2011-03-22,Local:11:00UTC:N/A,4.2,Pyuthan
B.S:2067-12-8A.D:2011-03-22,Local:11:00UTC:N/A,4.0,Kaski
B.S:2067-11-28A.D:2011-03-12,Local:11:00UTC:N/A,4.4,Kaski
B.S:2067-11-27A.D:2011-03-11,Local:11:00UTC:N/A,4.3,Kaski
B.S:2067-11-26A.D:2011-03-10,Local:11:00UTC:N/A,4.3,Rasuwa
B.S:2067-11-10A.D:2011-02-22,Local:11:00UTC:N/A,4.2,Sankhuwasabha
B.S:2067-11-1A.D:2011-02-13,Local:11:00UTC:N/A,4.7,Bhojpur-Sankhuwasabha border
B.S:2067-10-4A.D:2011-01-18,Local:11:00UTC:N/A,4.3,Sindhupalchowk
B.S:2067-10-4A.D:2011-01-18,Local:11:00UTC:N/A,4.1,Humla
B.S:2069-9-7A.D:2012-12-22,Local:11:50UTC:6:05 AM,4.5,Rolpa and Pyuthan border
B.S:2069-8-19A.D:2012-12-04,Local:08:46UTC:3:01 AM,4.0,North East Jajarkot
B.S:2069-7-27A.D:2012-11-12,Local:18:27UTC:12:42 PM,4.5,Bajhang
B.S:2069-7-26A.D:2012-11-11,Local:00:24UTC:6:39 PM,5.6,Southern Bajhang
B.S:2069-7-6A.D:2012-10-22,Local:12:41UTC:6:56 AM,4.5,Around Kanchanjunga
B.S:2069-6-1A.D:2012-09-17,Local:15:30UTC:9:45 AM,4.4,Southern Rukum
B.S:2069-5-14A.D:2012-08-30,Local:19:56UTC:2:11 PM,4.5,Southern Rukum
B.S:2069-5-13A.D:2012-08-29,Local:01:39UTC:7:54 PM,4.3,Northern Rolpa
B.S:2069-5-12A.D:2012-08-28,Local:14:16UTC:8:31 AM,4.4,Southeastern Dailekh 
B.S:2069-5-8A.D:2012-08-24,Local:06:02UTC:12:17 AM,4.4,Rolpa
B.S:2069-5-8A.D:2012-08-24,Local:09:40UTC:3:55 AM,5.2,Rolpa-Rukum border region
B.S:2069-5-7A.D:2012-08-23,Local:22:27UTC:4:42 PM,4.4,Rolpa
B.S:2069-5-7A.D:2012-08-23,Local:22:15UTC:4:30 PM,5.6,Rolpa - Rukum border region
B.S:2069-4-22A.D:2012-08-06,Local:07:38UTC:1:53 AM,4.2,Northern Taplejung
B.S:2069-4-16A.D:2012-07-31,Local:17:50UTC:12:05 PM,4.2,Southern Rukum
B.S:2069-4-16A.D:2012-07-31,Local:17:43UTC:11:58 AM,4.8,Southern Rukum
B.S:2069-4-16A.D:2012-07-31,Local:17:35UTC:11:50 AM,5.0,Southern Rukum
B.S:2069-4-13A.D:2012-07-28,Local:11:33UTC:5:48 AM,5.0,India (close to Darchula)
B.S:2069-3-27A.D:2012-07-11,Local:23:08UTC:5:23 PM,4.9,Southern Bajhang
B.S:2069-3-17A.D:2012-07-01,Local:13:39UTC:7:54 AM,4.0,Panchthar - Sikkim border
B.S:2069-3-1A.D:2012-06-15,Local:22:00UTC:4:15 PM,4.2,Dailekh
B.S:2069-2-29A.D:2012-06-11,Local:10:20UTC:4:35 AM,4.5,Panchthar - Sikkim border
B.S:2069-2-27A.D:2012-06-09,Local:13:39UTC:7:54 AM,5.1,Kaski
B.S:2069-2-17A.D:2012-05-30,Local:15:19UTC:9:34 AM,4.2,Taplejung
B.S:2069-1-5A.D:2012-04-17,Local:04:58UTC:11:13 PM,4.2,Salyan
B.S:2068-12-29A.D:2012-04-11,Local:08:37UTC:2:52 AM,4.3,Bajhang
B.S:2068-12-14A.D:2012-03-27,Local:05:25UTC:11:40 PM,5.2,Jhapa-India Border Region
B.S:2068-12-6A.D:2012-03-19,Local:02:21UTC:8:36 PM,4.7,Karkigaun-Jajarkot
B.S:2068-11-14A.D:2012-02-26,Local:04:41UTC:10:56 PM,4.4,Bajhang-Darchula border
B.S:2068-11-14A.D:2012-02-26,Local:04:53UTC:11:08 PM,4.9,Bajhang-Darchula border
B.S:2068-11-2A.D:2012-02-14,Local:19:33UTC:1:48 PM,4.4,Taplejung
B.S:2068-11-2A.D:2012-02-14,Local:19:26UTC:1:41 PM,4.5,Taplejung-Sikkim Border
B.S:2068-10-22A.D:2012-02-05,Local:01:51UTC:8:06 PM,4.0,Panchthar
B.S:2068-10-10A.D:2012-01-24,Local:09:52UTC:4:07 AM,4.0,Siraha
B.S:2068-10-5A.D:2012-01-19,Local:06:31UTC:12:46 AM,4.6,Humla
B.S:2068-10-4A.D:2012-01-18,Local:17:01UTC:11:16 AM,4.5,Siraha
B.S:2068-9-27A.D:2012-01-11,Local:14:44UTC:8:59 AM,4.2,Dailekh
B.S:2070-7-17A.D:2013-11-03,Local:12:32UTC:6:47 AM,4.3,Bajura
B.S:2070-7-11A.D:2013-10-28,Local:07:22UTC:1:37 AM,4.3,Sankhuwasava
B.S:2070-6-27A.D:2013-10-13,Local:03:28UTC:9:43 PM,4.5,Humla
B.S:2070-6-17A.D:2013-10-03,Local:11:57UTC:6:12 AM,5.7,Sikkim
B.S:2070-6-6A.D:2013-09-22,Local:20:20UTC:2:35 PM,4.4,Humla
B.S:2070-5-27A.D:2013-09-12,Local:10:14UTC:4:29 AM,4.5,Dhankuta
B.S:2070-5-14A.D:2013-08-30,Local:23:33UTC:5:48 PM,6.0,Tibet
B.S:2070-3-14A.D:2013-06-28,Local:17:25UTC:11:40 AM,5.5,Rukum
B.S:2070-3-13A.D:2013-06-27,Local:12:05UTC:6:20 AM,4.4,Darchula
B.S:2070-3-12A.D:2013-06-26,Local:04:07UTC:10:22 PM,4.4,Dhanusha
B.S:2070-2-26A.D:2013-06-09,Local:21:56UTC:4:11 PM,4.2,Northern Khotang
B.S:2070-2-17A.D:2013-05-31,Local:11:49UTC:6:04 AM,4.5,Northern Bajura
B.S:2070-2-12A.D:2013-05-26,Local:23:23UTC:5:38 PM,4.2,Sindhupalchok
B.S:2070-1-31A.D:2013-05-14,Local:15:44UTC:9:59 AM,4.5,Western Mugu
B.S:2070-1-31A.D:2013-05-14,Local:09:03UTC:3:18 AM,4.4,Mugu
B.S:2070-1-31A.D:2013-05-14,Local:08:58UTC:3:13 AM,4.3,Mugu
B.S:2070-1-15A.D:2013-04-28,Local:00:13UTC:6:28 PM,4.9,Northern Bajhang
B.S:2069-12-4A.D:2013-03-17,Local:17:44UTC:11:59 AM,4.2,Dhanusha
B.S:2069-11-23A.D:2013-03-06,Local:22:34UTC:4:49 PM,5.4,Rukum
B.S:2069-11-11A.D:2013-02-22,Local:08:26UTC:2:41 AM,4.1,Baglung
B.S:2069-10-25A.D:2013-02-07,Local:06:53UTC:1:08 AM,4.0,Bajhang
B.S:2069-10-5A.D:2013-01-18,Local:02:44UTC:8:59 PM,4.5,Bajhang
B.S:2069-9-29A.D:2013-01-13,Local:23:20UTC:5:35 PM,4.0,Siraha
B.S:2069-9-25A.D:2013-01-09,Local:13:29UTC:7:44 AM,5.5,Northern part of Bajura
B.S:2069-9-18A.D:2013-01-02,Local:23:27UTC:5:42 PM,4.7,Bajhang and Doti border
B.S:2071-9-3A.D:2014-12-18,Local:21:17UTC:3:32 PM,5.9,Solukhumbu
B.S:2071-8-9A.D:2014-11-25,Local:21:34UTC:3:49 PM,4.5,Gorkha
B.S:2071-6-1A.D:2014-09-17,Local:16:14UTC:10:29 AM,4.5,Taplejung
B.S:2071-4-18A.D:2014-08-03,Local:11:42UTC:5:57 AM,5.9,Tibet
B.S:2071-3-23A.D:2014-07-07,Local:22:22UTC:4:37 PM,4.2,Bajhang-Darchula border
B.S:2071-3-20A.D:2014-07-04,Local:11:43UTC:5:58 AM,4.6,Taplejung
B.S:2071-2-11A.D:2014-05-25,Local:08:31UTC:2:46 AM,4.1,Kaski
B.S:2071-2-6A.D:2014-05-20,Local:00:21UTC:6:36 PM,4.3,Gorkha
B.S:2071-1-10A.D:2014-04-23,Local:12:59UTC:7:14 AM,4.0,Taplejung
B.S:2070-12-28A.D:2014-04-11,Local:23:07UTC:5:22 PM,4.2,Achham
B.S:2070-12-17A.D:2014-03-31,Local:13:36UTC:7:51 AM,4.4,Humla
B.S:2072-9-16A.D:2015-12-31,Local:07:41UTC:01:56,4.3,Sindhupalchowk
B.S:2072-9-13A.D:2015-12-28,Local:03:52UTC:22:07,4.2,Dolakha
B.S:2072-9-11A.D:2015-12-26,Local:10:33UTC:4:48 AM,4.1,Bajura
B.S:2072-9-8A.D:2015-12-23,Local:08:59UTC:03:14,4.1,Dolakha
B.S:2072-9-3A.D:2015-12-18,Local:04:01UTC:10:16 PM,5.5,Bajura
B.S:2072-8-27A.D:2015-12-13,Local:08:45UTC:03:00,4.1,Dhading
B.S:2072-8-21A.D:2015-12-07,Local:07:27UTC:01:42,4.0,Dolakha
B.S:2072-8-14A.D:2015-11-30,Local:06:10UTC:00:25,4.1,Kathmandu
B.S:2072-8-11A.D:2015-11-27,Local:15:23UTC:09:38,4.1,kavrepalanchok
B.S:2072-8-11A.D:2015-11-27,Local:16:22UTC:10:37 AM,4.6,Panchthar
B.S:2072-8-9A.D:2015-11-25,Local:00:42UTC:18:57,4.1,Sindhupalchowk
B.S:2072-8-8A.D:2015-11-24,Local:18:09UTC:12:24,4.4,Gorkha
B.S:2072-8-8A.D:2015-11-24,Local:17:00UTC:11:15,4.0,Nuwakot
B.S:2072-8-6A.D:2015-11-22,Local:19:11UTC:1:26 PM,4.1,Myagdi
B.S:2072-8-4A.D:2015-11-20,Local:13:45UTC:8:00 AM,4.0,Baglung
B.S:2072-8-3A.D:2015-11-19,Local:17:44UTC:11:59,4.0,Sindhupalchok
B.S:2072-8-3A.D:2015-11-19,Local:10:00UTC:04:15,5.3,Sindupalchok
B.S:2072-8-1A.D:2015-11-17,Local:18:55UTC:13:10,4.3,Rasuwa
B.S:2072-7-26A.D:2015-11-12,Local:15:45UTC:10:00,4.2,Sindupalchok
B.S:2072-7-14A.D:2015-10-31,Local:09:28UTC:03:43,4.3,Rasuwa
B.S:2072-6-30A.D:2015-10-17,Local:23:46UTC:18:01,4.2,Dolakha
B.S:2072-6-29A.D:2015-10-16,Local:14:28UTC:08:43,4.2,Dolakha
B.S:2072-6-21A.D:2015-10-08,Local:21:58UTC:16:13,4.1,Sindupalchowk
B.S:2072-6-21A.D:2015-10-08,Local:13:00UTC:07:15,4.0,Lalitpur
B.S:2072-6-20A.D:2015-10-07,Local:05:15UTC:23:30,4.2,Dolakha
B.S:2072-6-19A.D:2015-10-06,Local:17:47UTC:12:02,4.2,Dolakha
B.S:2072-6-18A.D:2015-10-05,Local:13:18UTC:07:33,4.8,Dolakha
B.S:2072-6-18A.D:2015-10-05,Local:13:21UTC:07:36,4.2,Dolakha
B.S:2072-6-12A.D:2015-09-29,Local:16:39UTC:10:54,4.6,Sindhupalchowk
B.S:2072-6-12A.D:2015-09-29,Local:15:12UTC:9:27 AM,4.6,Darchula
B.S:2072-6-5A.D:2015-09-22,Local:12:17UTC:06:32,4.5,Dhading
B.S:2072-6-3A.D:2015-09-20,Local:04:05UTC:22:20,4.0,Dolakha
B.S:2072-5-30A.D:2015-09-16,Local:20:37UTC:14:52,4.2,Dolakha
B.S:2072-5-23A.D:2015-09-09,Local:18:23UTC:12:38,4.0,Dolakha
B.S:2072-5-17A.D:2015-09-03,Local:05:10UTC:23:25,4.3,Sindhupalchowk
B.S:2072-5-16A.D:2015-09-02,Local:04:51UTC:23:06,4.4,Dolakha
B.S:2072-5-14A.D:2015-08-31,Local:23:33UTC:17:48,4.2,Sindhupalchowk
B.S:2072-5-13A.D:2015-08-30,Local:19:02UTC:13:17,5.0,Sindhupalchowk
B.S:2072-5-13A.D:2015-08-30,Local:08:26UTC:02:41,4.1,Dolakha
B.S:2072-5-13A.D:2015-08-30,Local:03:09UTC:21:24,4.3,Dhading
B.S:2072-5-10A.D:2015-08-27,Local:06:07UTC:00:22,4.1,Gorkha
B.S:2072-5-10A.D:2015-08-27,Local:00:51UTC:19:06,4.2,Sindhupalchowk
B.S:2072-5-9A.D:2015-08-26,Local:13:31UTC:7:46 AM,4.1,Humla
B.S:2072-5-8A.D:2015-08-25,Local:15:08UTC:09:23,4.0,Dolakha
B.S:2072-5-6A.D:2015-08-23,Local:14:47UTC:09:02,5.1,Dolakha
B.S:2072-5-4A.D:2015-08-21,Local:12:21UTC:06:36,4.0,Nuwakot
B.S:2072-5-3A.D:2015-08-20,Local:11:47UTC:06:02,4.6,Rasuwa
B.S:2072-5-1A.D:2015-08-18,Local:04:08UTC:22:23,4.8,Dolakha
B.S:2072-4-30A.D:2015-08-15,Local:23:56UTC:18:11,4.8,Dolakha
B.S:2072-4-30A.D:2015-08-15,Local:10:10UTC:04:25,4.1,Dolakha
B.S:2072-4-29A.D:2015-08-14,Local:18:47UTC:13:02,4.3,Dolakha
B.S:2072-4-28A.D:2015-08-13,Local:01:49UTC:20:04,4.0,Kathmandu
B.S:2072-4-26A.D:2015-08-11,Local:10:42UTC:04:57,4.3,Kathmandu
B.S:2072-4-25A.D:2015-08-10,Local:04:15UTC:22:30,4.9,Gorkha
B.S:2072-4-24A.D:2015-08-09,Local:00:21UTC:6:36 PM,4.0,Humla
B.S:2072-4-24A.D:2015-08-09,Local:07:55UTC:02:10,4.1,Sindupalchok
B.S:2072-4-23A.D:2015-08-08,Local:21:25UTC:15:40,4.1,Dolakha
B.S:2072-4-23A.D:2015-08-08,Local:06:24UTC:00:39,4.0,Sindupalchok
B.S:2072-4-22A.D:2015-08-07,Local:11:57UTC:06:12,4.4,Kavre
B.S:2072-4-21A.D:2015-08-06,Local:20:36UTC:14:51,4.1,Sindupalchok
B.S:2072-4-20A.D:2015-08-05,Local:13:59UTC:08:14,4.3,Dolakha
B.S:2072-4-20A.D:2015-08-05,Local:17:38UTC:11:53,4.1,Dolakha
B.S:2072-4-16A.D:2015-08-01,Local:07:22UTC:01:37,4.2,Sindupalchok
B.S:2072-4-14A.D:2015-07-30,Local:20:18UTC:14:33,4.5,Dolakha
B.S:2072-4-12A.D:2015-07-28,Local:21:23UTC:15:38,4.1,Dolakha
B.S:2072-4-12A.D:2015-07-28,Local:18:38UTC:12:53,4.0,Dolakha
B.S:2072-4-12A.D:2015-07-28,Local:09:21UTC:03:36,4.1,Sindupalchok
B.S:2072-4-11A.D:2015-07-27,Local:18:23UTC:12:38,4.2,Nuwakot
B.S:2072-4-10A.D:2015-07-26,Local:09:30UTC:03:45,4.1,Dolakha
B.S:2072-4-10A.D:2015-07-26,Local:10:03UTC:04:18,4.0,Sindupalchok
B.S:2072-4-9A.D:2015-07-25,Local:20:04UTC:14:19,4.5,Dolakha
B.S:2072-4-9A.D:2015-07-25,Local:00:05UTC:18:20,4.3,Dolakha
B.S:2072-4-6A.D:2015-07-22,Local:22:14UTC:16:29,4.6,Kathmandu
B.S:2072-4-5A.D:2015-07-21,Local:08:09UTC:02:24,4.3,Dolakha
B.S:2072-4-1A.D:2015-07-17,Local:05:09UTC:23:24,4.0,Gorkha
B.S:2072-3-30A.D:2015-07-15,Local:08:14UTC:2:29 AM,4.1,Darchula
B.S:2072-3-28A.D:2015-07-13,Local:17:39UTC:11:54,4.2,Dolakha
B.S:2072-3-28A.D:2015-07-13,Local:16:01UTC:10:16,4.0,Rasuwa
B.S:2072-3-26A.D:2015-07-11,Local:02:28UTC:20:43,4.4,Dolakha
B.S:2072-3-24A.D:2015-07-09,Local:17:59UTC:12:14,4.4,Sindupalchok
B.S:2072-3-23A.D:2015-07-08,Local:10:19UTC:04:34,4.1,Dolakha
B.S:2072-3-23A.D:2015-07-08,Local:09:55UTC:04:10,4.2,Sindhupalchok
B.S:2072-3-22A.D:2015-07-07,Local:15:16UTC:9:31 AM,4.6,Bajura
B.S:2072-3-22A.D:2015-07-07,Local:21:06UTC:3:21 PM,4.2,Baglung
B.S:2072-3-21A.D:2015-07-06,Local:21:14UTC:15:29,4.4,Sindhupalchok
B.S:2072-3-21A.D:2015-07-06,Local:10:48UTC:05:03,4.3,Dolakha
B.S:2072-3-20A.D:2015-07-05,Local:10:07UTC:04:22,4.2,Dolakha
B.S:2072-3-20A.D:2015-07-05,Local:01:27UTC:19:42,4.4,Sindupalchok
B.S:2072-3-19A.D:2015-07-04,Local:01:49UTC:20:04,4.6,Dhading
B.S:2072-3-17A.D:2015-07-02,Local:05:26UTC:23:41,4.1,Kavre
B.S:2072-3-17A.D:2015-07-02,Local:07:41UTC:01:56,5.0,Sindhupalchowk
B.S:2072-3-16A.D:2015-07-01,Local:15:24UTC:09:39,4.0,Nuwakot
B.S:2072-3-16A.D:2015-07-01,Local:09:12UTC:03:27,4.0,Dolakha
B.S:2072-3-16A.D:2015-07-01,Local:03:33UTC:21:48,4.0,Sindhupalchowk
B.S:2072-3-15A.D:2015-06-30,Local:03:31UTC:21:46,4.4,Kavre
B.S:2072-3-14A.D:2015-06-29,Local:05:42UTC:23:57,5.0,Ramechhap
B.S:2072-3-14A.D:2015-06-29,Local:23:27UTC:17:42,4.1,Sindhupalchowk
B.S:2072-3-14A.D:2015-06-29,Local:23:34UTC:17:49,4.0,Sindhupalchowk
B.S:2072-3-13A.D:2015-06-28,Local:22:01UTC:16:16,4.3,Sindhupalchok
B.S:2072-3-11A.D:2015-06-26,Local:14:45UTC:09:00,4.1,Lalitpur
B.S:2072-3-11A.D:2015-06-26,Local:18:02UTC:12:17,4.2,Dolakha
B.S:2072-3-10A.D:2015-06-25,Local:23:51UTC:18:06,4.2,Sindhupalchok
B.S:2072-3-10A.D:2015-06-25,Local:23:49UTC:18:04,4.1,Dolakha
B.S:2072-3-10A.D:2015-06-25,Local:21:07UTC:15:22,4.3,Nuwakot
B.S:2072-3-9A.D:2015-06-24,Local:14:59UTC:09:14,4.0,Sindhupalchowk
B.S:2072-3-7A.D:2015-06-22,Local:13:19UTC:07:34,4.0,Dolakha
B.S:2072-3-6A.D:2015-06-21,Local:19:26UTC:13:41,4.3,Sindupalchok
B.S:2072-3-5A.D:2015-06-20,Local:18:08UTC:12:23 PM,5.4,Rukum
B.S:2072-3-5A.D:2015-06-20,Local:02:40UTC:20:55,4.2,Gorkha
B.S:2072-3-4A.D:2015-06-19,Local:01:50UTC:20:05,4.0,Gorkha
B.S:2072-3-3A.D:2015-06-18,Local:08:24UTC:02:39,4.1,Dhading
B.S:2072-3-2A.D:2015-06-17,Local:08:00UTC:02:15,5.1,Tibet
B.S:2072-3-2A.D:2015-06-17,Local:06:26UTC:00:41,4.0,Sindhupalchok
B.S:2072-3-2A.D:2015-06-17,Local:06:14UTC:00:29,5.2,Sindhupalchok
B.S:2072-3-2A.D:2015-06-17,Local:05:58UTC:00:13,4.4,Kathmandu
B.S:2072-3-1A.D:2015-06-16,Local:21:56UTC:16:11,4.1,Dolakha
B.S:2072-2-32A.D:2015-06-15,Local:15:52UTC:10:07,4.1,Sindhupalchowk
B.S:2072-2-31A.D:2015-06-14,Local:05:59UTC:00:14,4.2,Nuwakot
B.S:2072-2-31A.D:2015-06-14,Local:15:01UTC:09:16,4.1,Dolakha
B.S:2072-2-30A.D:2015-06-13,Local:07:03UTC:01:18,5.2,Dolakha
B.S:2072-2-29A.D:2015-06-12,Local:10:19UTC:04:34,4.4,Dolakha
B.S:2072-2-29A.D:2015-06-12,Local:01:22UTC:19:37,4.6,Gorkha
B.S:2072-2-28A.D:2015-06-11,Local:21:57UTC:16:12,5.3,Sindhupalchowk
B.S:2072-2-28A.D:2015-06-11,Local:10:02UTC:04:17,4.6,Sindhupalchowk
B.S:2072-2-28A.D:2015-06-11,Local:00:26UTC:18:41,4.0,Dolakha
B.S:2072-2-27A.D:2015-06-10,Local:02:50UTC:21:05,4.1,Sindhupalchowk
B.S:2072-2-27A.D:2015-06-10,Local:13:36UTC:07:51,4.3,Sindhupalchowk
B.S:2072-2-27A.D:2015-06-10,Local:14:51UTC:09:06,4.2,Dolakha
B.S:2072-2-24A.D:2015-06-07,Local:22:35UTC:16:50,4.1,Dolakha
B.S:2072-2-24A.D:2015-06-07,Local:11:02UTC:05:17,4.6,Sindhupalchowk
B.S:2072-2-23A.D:2015-06-06,Local:22:45UTC:17:00,4.0,Dolakha
B.S:2072-2-23A.D:2015-06-06,Local:02:33UTC:20:48,4.2,Tibet
B.S:2072-2-22A.D:2015-06-05,Local:10:02UTC:04:17,4.1,Sindhupalchowk
B.S:2072-2-22A.D:2015-06-05,Local:14:16UTC:08:31,4.0,Kathmandu
B.S:2072-2-21A.D:2015-06-04,Local:16:15UTC:10:30,4.0,Dolakha
B.S:2072-2-20A.D:2015-06-03,Local:17:38UTC:11:53,4.5,Dolakha
B.S:2072-2-20A.D:2015-06-03,Local:14:39UTC:08:54,4.2,Dolakha
B.S:2072-2-20A.D:2015-06-03,Local:13:37UTC:07:52,4.5,Sindhupalchowk
B.S:2072-2-20A.D:2015-06-03,Local:02:45UTC:21:00,4.1,Sindhupalchowk
B.S:2072-2-19A.D:2015-06-02,Local:10:48UTC:05:03,4.0,Dolakha
B.S:2072-2-19A.D:2015-06-02,Local:02:18UTC:8:33 PM,4.7,Humla
B.S:2072-2-18A.D:2015-06-01,Local:04:35UTC:22:50,4.0,Sindhupalchowk
B.S:2072-2-17A.D:2015-05-31,Local:19:39UTC:1:54 PM,4.2,Lamjung
B.S:2072-2-16A.D:2015-05-30,Local:03:58UTC:10:13 PM,4.5,Nuwakot
B.S:2072-2-16A.D:2015-05-30,Local:02:20UTC:8:35 PM,4.0,Rasuwa
B.S:2072-2-16A.D:2015-05-30,Local:07:37UTC:1:52 AM,4.0,Dhading
B.S:2072-2-15A.D:2015-05-29,Local:06:22UTC:12:37 AM,4.2,Dolakha
B.S:2072-2-15A.D:2015-05-29,Local:11:05UTC:5:20 AM,4.2,Dhading
B.S:2072-2-15A.D:2015-05-29,Local:14:15UTC:8:30 AM,4.0,Gorkha
B.S:2072-2-15A.D:2015-05-29,Local:18:15UTC:12:30 PM,4.8,Dhading
B.S:2072-2-15A.D:2015-05-29,Local:21:29UTC:3:44 PM,5.2,Dhading
B.S:2072-2-14A.D:2015-05-28,Local:08:52UTC:3:07 AM,4.0,Dhading
B.S:2072-2-14A.D:2015-05-28,Local:09:25UTC:3:40 AM,4.0,Dhading
B.S:2072-2-14A.D:2015-05-28,Local:10:57UTC:5:12 AM,4.0,Kathmandu
B.S:2072-2-14A.D:2015-05-28,Local:11:14UTC:5:29 AM,4.2,Dolakha
B.S:2072-2-14A.D:2015-05-28,Local:17:21UTC:11:36 AM,4.2,Dolakha
B.S:2072-2-14A.D:2015-05-28,Local:17:59UTC:12:14 PM,4.1,Dolakha
B.S:2072-2-14A.D:2015-05-28,Local:04:01UTC:10:16 PM,4.0,Sindhupalchowk
B.S:2072-2-13A.D:2015-05-27,Local:17:48UTC:12:03 PM,4.2,Dolakha
B.S:2072-2-13A.D:2015-05-27,Local:19:00UTC:1:15 PM,4.5,Sindhupalchowk
B.S:2072-2-13A.D:2015-05-27,Local:19:01UTC:1:16 PM,4.6,Sindhupalchowk
B.S:2072-2-13A.D:2015-05-27,Local:04:14UTC:10:29 PM,4.2,Nuwakot
B.S:2072-2-12A.D:2015-05-26,Local:04:37UTC:10:52 PM,5.0,Rasuwa
B.S:2072-2-12A.D:2015-05-26,Local:01:45UTC:8:00 PM,4.3,Lalitpur
B.S:2072-2-12A.D:2015-05-26,Local:00:24UTC:6:39 PM,4.1,Dolakha
B.S:2072-2-12A.D:2015-05-26,Local:19:56UTC:2:11 PM,4.3,Dolakha
B.S:2072-2-12A.D:2015-05-26,Local:23:33UTC:5:48 PM,4.1,Dolakha
B.S:2072-2-11A.D:2015-05-25,Local:09:08UTC:3:23 AM,5.0,Gorkha
B.S:2072-2-11A.D:2015-05-25,Local:16:45UTC:11:00 AM,4.1,Dolakha
B.S:2072-2-11A.D:2015-05-25,Local:04:01UTC:10:16 PM,4.4,Dolakha
B.S:2072-2-10A.D:2015-05-24,Local:12:51UTC:7:06 AM,4.2,Dolakha
B.S:2072-2-10A.D:2015-05-24,Local:16:23UTC:10:38 AM,4.4,Dolakha
B.S:2072-2-10A.D:2015-05-24,Local:17:31UTC:11:46 AM,4.2,Sindhupalchowk
B.S:2072-2-10A.D:2015-05-24,Local:18:40UTC:12:55 PM,4.4,Dolakha
B.S:2072-2-10A.D:2015-05-24,Local:05:00UTC:11:15 PM,4.3,Dolakha
B.S:2072-2-9A.D:2015-05-23,Local:04:11UTC:10:26 PM,4.4,Sindhupalchok
B.S:2072-2-9A.D:2015-05-23,Local:18:59UTC:1:14 PM,4.2,Dolakha
B.S:2072-2-8A.D:2015-05-22,Local:20:30UTC:2:45 PM,4.2,Nuwakot
B.S:2072-2-8A.D:2015-05-22,Local:22:29UTC:4:44 PM,4.8,Nuwakot
B.S:2072-2-8A.D:2015-05-22,Local:23:15UTC:5:30 PM,4.1,Dolakha
B.S:2072-2-8A.D:2015-05-22,Local:00:34UTC:6:49 PM,4.0,Sindhupalchowk
B.S:2072-2-8A.D:2015-05-22,Local:02:29UTC:8:44 PM,4.1,Dolakha
B.S:2072-2-8A.D:2015-05-22,Local:00:52UTC:7:07 PM,4.8,Humla
B.S:2072-2-7A.D:2015-05-21,Local:01:15UTC:7:30 PM,4.0,Dhading
B.S:2072-2-7A.D:2015-05-21,Local:20:41UTC:2:56 PM,4.0,Nuwakot
B.S:2072-2-7A.D:2015-05-21,Local:19:56UTC:2:11 PM,4.2,Dolakha
B.S:2072-2-6A.D:2015-05-20,Local:16:55UTC:11:10 AM,4.2,Dolakha
B.S:2072-2-6A.D:2015-05-20,Local:20:32UTC:2:47 PM,4.4,Lalitput
B.S:2072-2-5A.D:2015-05-19,Local:22:29UTC:4:44 PM,4.2,Sindhupalchowk
B.S:2072-2-5A.D:2015-05-19,Local:17:14UTC:11:29 AM,4.0,Sindhupalchowk
B.S:2072-2-5A.D:2015-05-19,Local:10:19UTC:4:34 AM,4.3,Dolakha
B.S:2072-2-4A.D:2015-05-18,Local:17:09UTC:11:24 AM,4.0,Dolakha
B.S:2072-2-4A.D:2015-05-18,Local:00:12UTC:6:27 PM,4.1,Dhading
B.S:2072-2-4A.D:2015-05-18,Local:14:56UTC:9:11 AM,4.2,Dolakha
B.S:2072-2-3A.D:2015-05-17,Local:10:45UTC:5:00 AM,4.4,Dolakha
B.S:2072-2-3A.D:2015-05-17,Local:17:15UTC:11:30 AM,4.6,Ramechhap
B.S:2072-2-3A.D:2015-05-17,Local:02:25UTC:8:40 PM,4.4,Dolakha
B.S:2072-2-2A.D:2015-05-16,Local:08:00UTC:2:15 AM,4.0,Gorkha
B.S:2072-2-2A.D:2015-05-16,Local:10:13UTC:4:28 AM,4.1,Dolakha
B.S:2072-2-2A.D:2015-05-16,Local:10:23UTC:4:38 AM,4.1,Dolakha
B.S:2072-2-2A.D:2015-05-16,Local:11:56UTC:6:11 AM,4.0,Nuwakot
B.S:2072-2-2A.D:2015-05-16,Local:12:16UTC:6:31 AM,4.0,Gorkha
B.S:2072-2-2A.D:2015-05-16,Local:15:09UTC:9:24 AM,4.2,Sindhupalchowk
B.S:2072-2-2A.D:2015-05-16,Local:15:20UTC:9:35 AM,4.2,Lalitpur
B.S:2072-2-2A.D:2015-05-16,Local:23:04UTC:5:19 PM,5.5,Dolakha
B.S:2072-2-2A.D:2015-05-16,Local:02:29UTC:8:44 PM,4.3,Dolakha
B.S:2072-2-1A.D:2015-05-15,Local:09:23UTC:3:38 AM,4.1,Dolakha
B.S:2072-2-1A.D:2015-05-15,Local:09:51UTC:4:06 AM,4.3,Dolakha
B.S:2072-2-1A.D:2015-05-15,Local:13:12UTC:7:27 AM,5.5,Dhading
B.S:2072-2-1A.D:2015-05-15,Local:16:36UTC:10:51 AM,4.0,Dhading
B.S:2072-2-1A.D:2015-05-15,Local:20:54UTC:3:09 PM,4.5,Dolakha
B.S:2072-2-1A.D:2015-05-15,Local:04:43UTC:10:58 PM,4.0,Dolakha
B.S:2072-1-31A.D:2015-05-14,Local:09:08UTC:3:23 AM,5.0,Dolakha
B.S:2072-1-31A.D:2015-05-14,Local:14:37UTC:8:52 AM,4.0,Sindupalchok
B.S:2072-1-31A.D:2015-05-14,Local:14:51UTC:9:06 AM,4.5,Dolakha
B.S:2072-1-31A.D:2015-05-14,Local:21:05UTC:3:20 PM,4.2,Dolakha
B.S:2072-1-31A.D:2015-05-14,Local:01:28UTC:7:43 PM,4.0,Dolakha
B.S:2072-1-31A.D:2015-05-14,Local:02:06UTC:8:21 PM,4.5,Rasuwa
B.S:2072-1-31A.D:2015-05-14,Local:02:35UTC:8:50 PM,4.0,Dolakha
B.S:2072-1-31A.D:2015-05-14,Local:03:25UTC:9:40 PM,4.0,Sindhupalchowk
B.S:2072-1-31A.D:2015-05-14,Local:08:58UTC:3:13 AM,4.1,Dolakha
B.S:2072-1-31A.D:2015-05-14,Local:06:01UTC:12:16 AM,4.3,Dolakha
B.S:2072-1-30A.D:2015-05-13,Local:03:21UTC:9:36 PM,4.1,Dolakha
B.S:2072-1-30A.D:2015-05-13,Local:07:52UTC:2:07 AM,4.2,Kathmandu
B.S:2072-1-30A.D:2015-05-13,Local:08:55UTC:3:10 AM,5.9,Dhading
B.S:2072-1-30A.D:2015-05-13,Local:10:23UTC:4:38 AM,4.3,Dolakha
B.S:2072-1-30A.D:2015-05-13,Local:13:53UTC:8:08 AM,4.4,Dolakha
B.S:2072-1-30A.D:2015-05-13,Local:14:13UTC:8:28 AM,4.4,Dolakha
B.S:2072-1-30A.D:2015-05-13,Local:16:18UTC:10:33 AM,4.6,Dolakha
B.S:2072-1-30A.D:2015-05-13,Local:17:56UTC:12:11 PM,4.7,Sindhupalchok
B.S:2072-1-30A.D:2015-05-13,Local:18:07UTC:12:22 PM,4.8,Dolakha
B.S:2072-1-30A.D:2015-05-13,Local:18:19UTC:12:34 PM,4.6,Dolakha
B.S:2072-1-30A.D:2015-05-13,Local:03:06UTC:9:21 PM,4.0,Kavrepalanchok
B.S:2072-1-30A.D:2015-05-13,Local:22:29UTC:4:44 PM,4.5,Dolakha
B.S:2072-1-30A.D:2015-05-13,Local:09:27UTC:3:42 AM,4.2,Sindhupalchok
B.S:2072-1-30A.D:2015-05-13,Local:21:22UTC:3:37 PM,4.0,Dolakha
B.S:2072-1-30A.D:2015-05-13,Local:20:15UTC:2:30 PM,4.3,Dolakha
B.S:2072-1-30A.D:2015-05-13,Local:18:23UTC:12:38 PM,5.1,Dolakha
B.S:2072-1-29A.D:2015-05-12,Local:19:36UTC:1:51 PM,5.1,Sindhupalchok
B.S:2072-1-29A.D:2015-05-12,Local:19:51UTC:2:06 PM,5.2,Dolakha
B.S:2072-1-29A.D:2015-05-12,Local:19:54UTC:2:09 PM,5.0,Dolakha
B.S:2072-1-29A.D:2015-05-12,Local:20:04UTC:2:19 PM,4.8,Sindhupalchok
B.S:2072-1-29A.D:2015-05-12,Local:20:05UTC:2:20 PM,4.7,Dolakha
B.S:2072-1-29A.D:2015-05-12,Local:20:09UTC:2:24 PM,4.7,Dolakha
B.S:2072-1-29A.D:2015-05-12,Local:20:32UTC:2:47 PM,4.7,Dolakha
B.S:2072-1-29A.D:2015-05-12,Local:19:31UTC:1:46 PM,4.3,Dolakha
B.S:2072-1-29A.D:2015-05-12,Local:19:18UTC:1:33 PM,4.8,Dolakha
B.S:2072-1-29A.D:2015-05-12,Local:19:13UTC:1:28 PM,5.0,Dolakha
B.S:2072-1-29A.D:2015-05-12,Local:18:47UTC:1:02 PM,5.8,Dolakha
B.S:2072-1-29A.D:2015-05-12,Local:20:29UTC:2:44 PM,5.3,Dolakha
B.S:2072-1-29A.D:2015-05-12,Local:19:43UTC:1:58 PM,5.3,Sindhupalchok
B.S:2072-1-29A.D:2015-05-12,Local:19:06UTC:1:21 PM,6.2,Dolakha
B.S:2072-1-29A.D:2015-05-12,Local:18:35UTC:12:50 PM,6.8,Dolakha
B.S:2072-1-29A.D:2015-05-12,Local:07:53UTC:2:08 AM,4.1,Gorkha
B.S:2072-1-29A.D:2015-05-12,Local:05:52UTC:12:07 AM,4.0,Dhading
B.S:2072-1-29A.D:2015-05-12,Local:20:59UTC:3:14 PM,4.2,Dolakha
B.S:2072-1-29A.D:2015-05-12,Local:21:14UTC:3:29 PM,4.2,Sindhupalchok
B.S:2072-1-29A.D:2015-05-12,Local:04:58UTC:11:13 PM,4.3,Ramechhap
B.S:2072-1-29A.D:2015-05-12,Local:04:02UTC:10:17 PM,4.2,Dolakha
B.S:2072-1-29A.D:2015-05-12,Local:00:32UTC:6:47 PM,4.4,Sindhupalchok
B.S:2072-1-29A.D:2015-05-12,Local:02:58UTC:9:13 PM,4.8,Tibet
B.S:2072-1-29A.D:2015-05-12,Local:02:29UTC:8:44 PM,4.1,Tibet
B.S:2072-1-29A.D:2015-05-12,Local:01:27UTC:7:42 PM,4.4,Dolakha
B.S:2072-1-29A.D:2015-05-12,Local:01:13UTC:7:28 PM,4.3,Sindhupalchok
B.S:2072-1-29A.D:2015-05-12,Local:00:38UTC:6:53 PM,4.0,Dolakha
B.S:2072-1-29A.D:2015-05-12,Local:23:58UTC:6:13 PM,4.7,Dolakha
B.S:2072-1-29A.D:2015-05-12,Local:23:28UTC:5:43 PM,4.3,Dolakha
B.S:2072-1-29A.D:2015-05-12,Local:22:51UTC:5:06 PM,4.6,Dolakha
B.S:2072-1-29A.D:2015-05-12,Local:22:36UTC:4:51 PM,4.7,Dolakha
B.S:2072-1-29A.D:2015-05-12,Local:22:11UTC:4:26 PM,4.4,Dolakha
B.S:2072-1-29A.D:2015-05-12,Local:22:05UTC:4:20 PM,5.0,Dolakha
B.S:2072-1-29A.D:2015-05-12,Local:22:01UTC:4:16 PM,4.2,Dolakha
B.S:2072-1-29A.D:2015-05-12,Local:21:45UTC:4:00 PM,4.8,Ramechhap
B.S:2072-1-29A.D:2015-05-12,Local:21:34UTC:3:49 PM,4.4,Dolakha
B.S:2072-1-28A.D:2015-05-11,Local:02:20UTC:8:35 PM,4.2,Sindhupalchowk
B.S:2072-1-28A.D:2015-05-11,Local:05:39UTC:11:54 PM,4.0,Sindhupalchowk
B.S:2072-1-27A.D:2015-05-10,Local:21:08UTC:3:23 PM,4.2,kavre
B.S:2072-1-27A.D:2015-05-10,Local:16:53UTC:11:08 AM,4.0,Rasuwa
B.S:2072-1-27A.D:2015-05-10,Local:08:29UTC:2:44 AM,4.0,Udayapur
B.S:2072-1-27A.D:2015-05-10,Local:12:19UTC:6:34 AM,4.4,Sindhupalchowk
B.S:2072-1-27A.D:2015-05-10,Local:07:35UTC:1:50 AM,4.2,Tibet
B.S:2072-1-26A.D:2015-05-09,Local:08:53UTC:3:08 AM,4.1,Rasuwa
B.S:2072-1-25A.D:2015-05-08,Local:20:50UTC:3:05 PM,4.2,Nuwakot
B.S:2072-1-25A.D:2015-05-08,Local:19:17UTC:1:32 PM,4.8,Sindhupalchowk
B.S:2072-1-25A.D:2015-05-08,Local:14:04UTC:8:19 AM,4.2,Sindhupalchowk
B.S:2072-1-25A.D:2015-05-08,Local:12:02UTC:6:17 AM,5.0,Dolakha
B.S:2072-1-25A.D:2015-05-08,Local:08:04UTC:2:19 AM,4.0,Sindhupalchowk
B.S:2072-1-24A.D:2015-05-07,Local:09:26UTC:3:41 AM,4.2,Nuwakot
B.S:2072-1-24A.D:2015-05-07,Local:13:41UTC:7:56 AM,4.0,Nuwakot
B.S:2072-1-24A.D:2015-05-07,Local:04:00UTC:10:15 PM,4.0,Nuwakot
B.S:2072-1-23A.D:2015-05-06,Local:04:04UTC:10:19 PM,4.0,Rasuwa
B.S:2072-1-23A.D:2015-05-06,Local:23:47UTC:6:02 PM,4.2,Gorkha
B.S:2072-1-22A.D:2015-05-05,Local:12:24UTC:6:39 AM,4.0,Dhading
B.S:2072-1-22A.D:2015-05-05,Local:22:08UTC:4:23 PM,4.3,Dolakha
B.S:2072-1-22A.D:2015-05-05,Local:22:45UTC:5:00 PM,4.2,Sindhupalchowk
B.S:2072-1-21A.D:2015-05-04,Local:10:44UTC:4:59 AM,4.2,Sindhupalchowk
B.S:2072-1-21A.D:2015-05-04,Local:12:45UTC:7:00 AM,4.3,Dolakha
B.S:2072-1-21A.D:2015-05-04,Local:15:39UTC:9:54 AM,4.2,Nuwakot
B.S:2072-1-21A.D:2015-05-04,Local:16:18UTC:10:33 AM,4.0,Nuwakot
B.S:2072-1-21A.D:2015-05-04,Local:16:21UTC:10:36 AM,4.1,Nuwakot
B.S:2072-1-21A.D:2015-05-04,Local:20:19UTC:2:34 PM,4.7,Dolakha
B.S:2072-1-21A.D:2015-05-04,Local:21:25UTC:3:40 PM,4.4,Sindhupalchowk
B.S:2072-1-21A.D:2015-05-04,Local:19:02UTC:1:17 PM,4.0,Gorkha
B.S:2072-1-21A.D:2015-05-04,Local:23:47UTC:6:02 PM,4.2,Dolakha
B.S:2072-1-20A.D:2015-05-03,Local:09:14UTC:3:29 AM,4.5,Sindhupalchowk
B.S:2072-1-20A.D:2015-05-03,Local:04:24UTC:10:39 PM,4.0,Dhading
B.S:2072-1-20A.D:2015-05-03,Local:11:32UTC:5:47 AM,4.0,Gorkha
B.S:2072-1-20A.D:2015-05-03,Local:13:45UTC:8:00 AM,4.1,Dhading
B.S:2072-1-20A.D:2015-05-03,Local:16:31UTC:10:46 AM,4.5,Dhading
B.S:2072-1-20A.D:2015-05-03,Local:23:05UTC:5:20 PM,4.9,Nuwakot
B.S:2072-1-20A.D:2015-05-03,Local:00:43UTC:6:58 PM,4.0,Sindhupalchowk
B.S:2072-1-20A.D:2015-05-03,Local:02:12UTC:8:27 PM,4.2,Sindhupalchowk
B.S:2072-1-19A.D:2015-05-02,Local:09:40UTC:3:55 AM,4.2,Sindhupalchowk
B.S:2072-1-19A.D:2015-05-02,Local:11:40UTC:5:55 AM,4.3,Dolakha
B.S:2072-1-19A.D:2015-05-02,Local:15:17UTC:9:32 AM,4.2,Sindhupalchowk
B.S:2072-1-19A.D:2015-05-02,Local:16:58UTC:11:13 AM,4.0,Sindhupalchowk
B.S:2072-1-19A.D:2015-05-02,Local:17:05UTC:11:20 AM,5.1,Gorkha
B.S:2072-1-19A.D:2015-05-02,Local:02:46UTC:9:01 PM,4.1,Dolakha
B.S:2072-1-18A.D:2015-05-01,Local:06:43UTC:12:58 AM,4.2,Dolakha
B.S:2072-1-18A.D:2015-05-01,Local:08:41UTC:2:56 AM,4.0,Kathmandu
B.S:2072-1-18A.D:2015-05-01,Local:16:20UTC:10:35 AM,4.0,Sindhupalchowk
B.S:2072-1-18A.D:2015-05-01,Local:17:13UTC:11:28 AM,4.5,Rasuwa
B.S:2072-1-18A.D:2015-05-01,Local:23:22UTC:5:37 PM,4.0,Dolakha
B.S:2072-1-18A.D:2015-05-01,Local:02:12UTC:8:27 PM,4.2,Sindhupalchowk
B.S:2072-1-18A.D:2015-05-01,Local:05:44UTC:11:59 PM,4.0,Rasuwa
B.S:2072-1-17A.D:2015-04-30,Local:12:07UTC:6:22 AM,4.7,Dhading
B.S:2072-1-17A.D:2015-04-30,Local:14:16UTC:8:31 AM,4.7,Rasuwa
B.S:2072-1-17A.D:2015-04-30,Local:19:14UTC:1:29 PM,4.1,Dolakha
B.S:2072-1-17A.D:2015-04-30,Local:05:04UTC:11:19 PM,4.3,Sindhupalchowk
B.S:2072-1-16A.D:2015-04-29,Local:19:02UTC:1:17 PM,4.0,Nuwakot
B.S:2072-1-16A.D:2015-04-29,Local:10:34UTC:4:49 AM,4.0,Sindhupalchowk
B.S:2072-1-16A.D:2015-04-29,Local:11:39UTC:5:54 AM,4.2,Nuwakot
B.S:2072-1-16A.D:2015-04-29,Local:21:09UTC:3:24 PM,4.5,Dhading
B.S:2072-1-16A.D:2015-04-29,Local:22:57UTC:5:12 PM,4.5,Sindhupalchowk
B.S:2072-1-16A.D:2015-04-29,Local:04:46UTC:11:01 PM,4.4,Gorkha
B.S:2072-1-15A.D:2015-04-28,Local:06:29UTC:12:44 AM,4.8,Gorkha
B.S:2072-1-15A.D:2015-04-28,Local:08:44UTC:2:59 AM,4.2,Sindhupalchowk
B.S:2072-1-15A.D:2015-04-28,Local:08:57UTC:3:12 AM,4.2,Sindhupalchowk
B.S:2072-1-15A.D:2015-04-28,Local:09:56UTC:4:11 AM,4.2,Gorkha
B.S:2072-1-15A.D:2015-04-28,Local:10:50UTC:5:05 AM,4.9,Sindhupalchok
B.S:2072-1-15A.D:2015-04-28,Local:13:30UTC:7:45 AM,4.2,Dolakha
B.S:2072-1-15A.D:2015-04-28,Local:14:25UTC:8:40 AM,4.0,Sindhupalchowk
B.S:2072-1-15A.D:2015-04-28,Local:17:53UTC:12:08 PM,4.0,Sindhupalchowk
B.S:2072-1-15A.D:2015-04-28,Local:20:55UTC:3:10 PM,4.0,Sindhupalchowk
B.S:2072-1-15A.D:2015-04-28,Local:22:29UTC:4:44 PM,4.0,Nuwakot
B.S:2072-1-15A.D:2015-04-28,Local:22:48UTC:5:03 PM,4.2,Sindhupalchowk
B.S:2072-1-15A.D:2015-04-28,Local:03:52UTC:10:07 PM,4.0,Gorkha
B.S:2072-1-14A.D:2015-04-27,Local:10:12UTC:4:27 AM,4.4,Sindhupalchowk
B.S:2072-1-14A.D:2015-04-27,Local:10:02UTC:4:17 AM,4.5,Kavrepalanchowk
B.S:2072-1-14A.D:2015-04-27,Local:10:00UTC:4:15 AM,4.2,Kavrepalanchowk
B.S:2072-1-14A.D:2015-04-27,Local:09:22UTC:3:37 AM,4.1,Kathmandu
B.S:2072-1-14A.D:2015-04-27,Local:06:24UTC:12:39 AM,4.5,Rasuwa
B.S:2072-1-14A.D:2015-04-27,Local:12:09UTC:6:24 AM,4.7,Nuwakot
B.S:2072-1-14A.D:2015-04-27,Local:14:03UTC:8:18 AM,4.2,Kavrepalanchowk
B.S:2072-1-14A.D:2015-04-27,Local:15:44UTC:9:59 AM,4.3,Rasuwa
B.S:2072-1-14A.D:2015-04-27,Local:05:15UTC:11:30 PM,4.0,Dhading
B.S:2072-1-14A.D:2015-04-27,Local:04:24UTC:10:39 PM,4.2,Sindhupalchowk
B.S:2072-1-14A.D:2015-04-27,Local:03:21UTC:9:36 PM,4.5,Kathmandu
B.S:2072-1-14A.D:2015-04-27,Local:21:02UTC:3:17 PM,4.0,Nuwakot
B.S:2072-1-14A.D:2015-04-27,Local:15:50UTC:10:05 AM,4.0,Sindhupalchowk
B.S:2072-1-13A.D:2015-04-26,Local:08:34UTC:2:49 AM,4.0,Gorkha
B.S:2072-1-13A.D:2015-04-26,Local:10:46UTC:5:01 AM,5.5,Nuwakot
B.S:2072-1-13A.D:2015-04-26,Local:11:10UTC:5:25 AM,4.0,Kathmandu
B.S:2072-1-13A.D:2015-04-26,Local:11:11UTC:5:26 AM,4.5,Dolakha
B.S:2072-1-13A.D:2015-04-26,Local:11:17UTC:5:32 AM,4.0,Rasuwa
B.S:2072-1-13A.D:2015-04-26,Local:11:45UTC:6:00 AM,4.0,Kathmandu
B.S:2072-1-13A.D:2015-04-26,Local:12:01UTC:6:16 AM,4.0,Nuwakot
B.S:2072-1-13A.D:2015-04-26,Local:14:28UTC:8:43 AM,4.5,Gorkha
B.S:2072-1-13A.D:2015-04-26,Local:08:02UTC:2:17 AM,4.8,Sindhupalchowk
B.S:2072-1-13A.D:2015-04-26,Local:08:37UTC:2:52 AM,4.8,Sindhupalchowk
B.S:2072-1-13A.D:2015-04-26,Local:05:59UTC:12:14 AM,4.1,Sindhupalchowk
B.S:2072-1-13A.D:2015-04-26,Local:06:28UTC:12:43 AM,4.6,Kathmandu
B.S:2072-1-13A.D:2015-04-26,Local:07:14UTC:1:29 AM,4.1,Sindhupalchowk
B.S:2072-1-13A.D:2015-04-26,Local:07:34UTC:1:49 AM,4.0,Rasuwa
B.S:2072-1-13A.D:2015-04-26,Local:07:37UTC:1:52 AM,4.2,Gorkha
B.S:2072-1-13A.D:2015-04-26,Local:07:41UTC:1:56 AM,4.4,Sindhupalchowk
B.S:2072-1-13A.D:2015-04-26,Local:07:53UTC:2:08 AM,4.0,Rasuwa
B.S:2072-1-13A.D:2015-04-26,Local:07:59UTC:2:14 AM,4.3,Gorkha
B.S:2072-1-13A.D:2015-04-26,Local:14:40UTC:8:55 AM,5.1,Nuwakot
B.S:2072-1-13A.D:2015-04-26,Local:14:51UTC:9:06 AM,5.0,Kavre
B.S:2072-1-13A.D:2015-04-26,Local:02:02UTC:8:17 PM,4.0,Nuwakot
B.S:2072-1-13A.D:2015-04-26,Local:02:14UTC:8:29 PM,4.5,Sindhupalchowk
B.S:2072-1-13A.D:2015-04-26,Local:02:27UTC:8:42 PM,4.5,Gorkha
B.S:2072-1-13A.D:2015-04-26,Local:03:32UTC:9:47 PM,4.0,Dolakha
B.S:2072-1-13A.D:2015-04-26,Local:03:53UTC:10:08 PM,4.0,Kathmandu
B.S:2072-1-13A.D:2015-04-26,Local:03:55UTC:10:10 PM,5.3,Sindhupalchowk
B.S:2072-1-13A.D:2015-04-26,Local:04:27UTC:10:42 PM,4.0,Dolakha
B.S:2072-1-13A.D:2015-04-26,Local:05:36UTC:11:51 PM,4.2,Sindhupalchowk
B.S:2072-1-13A.D:2015-04-26,Local:00:53UTC:7:08 PM,4.0,Dolakha
B.S:2072-1-13A.D:2015-04-26,Local:00:41UTC:6:56 PM,5.0,Sindhupalchowk
B.S:2072-1-13A.D:2015-04-26,Local:16:20UTC:10:35 AM,4.5,Sindhupalchowk
B.S:2072-1-13A.D:2015-04-26,Local:16:28UTC:10:43 AM,4.8,Gorkha
B.S:2072-1-13A.D:2015-04-26,Local:18:39UTC:12:54 PM,6.9,Dolakha
B.S:2072-1-13A.D:2015-04-26,Local:18:57UTC:1:12 PM,5.3,Sindhupalchowk
B.S:2072-1-13A.D:2015-04-26,Local:19:07UTC:1:22 PM,5.0,Tibet
B.S:2072-1-13A.D:2015-04-26,Local:20:10UTC:2:25 PM,4.8,Sindhupalchowk
B.S:2072-1-13A.D:2015-04-26,Local:20:16UTC:2:31 PM,4.5,Sindhupalchowk
B.S:2072-1-13A.D:2015-04-26,Local:21:12UTC:3:27 PM,4.5,Sindhupalchowk
B.S:2072-1-12A.D:2015-04-25,Local:15:15UTC:09:30,5.5,Sindhupalchowk
B.S:2072-1-12A.D:2015-04-25,Local:21:13UTC:3:28 PM,4.6,Rasuwa
B.S:2072-1-12A.D:2015-04-25,Local:21:53UTC:4:08 PM,4.1,Sindhupalchowk
B.S:2072-1-12A.D:2015-04-25,Local:16:25UTC:10:40,4.0,Sindhupalchowk
B.S:2072-1-12A.D:2015-04-25,Local:16:50UTC:11:05,4.6,Sindhupalchowk
B.S:2072-1-12A.D:2015-04-25,Local:17:26UTC:11:41,4.1,Rasuwa
B.S:2072-1-12A.D:2015-04-25,Local:18:02UTC:12:17,4.9,Nuwakot
B.S:2072-1-12A.D:2015-04-25,Local:18:29UTC:12:44,5.5,Gorkha
B.S:2072-1-12A.D:2015-04-25,Local:14:48UTC:09:03,5.3,Nuwakot
B.S:2072-1-12A.D:2015-04-25,Local:14:40UTC:08:55,5.7,Kabre
B.S:2072-1-12A.D:2015-04-25,Local:14:14UTC:08:29,5.2,Gorkha
B.S:2072-1-12A.D:2015-04-25,Local:15:28UTC:09:43,4.6,Rasuwa
B.S:2072-1-12A.D:2015-04-25,Local:16:08UTC:10:23,4.1,Sindhupalchowk
B.S:2072-1-12A.D:2015-04-25,Local:11:56UTC:06:11,7.6,Gorkha
B.S:2072-1-12A.D:2015-04-25,Local:12:30UTC:06:45,6.6,Gorkha
B.S:2072-1-12A.D:2015-04-25,Local:12:41UTC:06:56,5.7,Rasuwa
B.S:2072-1-12A.D:2015-04-25,Local:12:53UTC:07:08,5.3,Rasuwa
B.S:2072-1-12A.D:2015-04-25,Local:14:02UTC:08:17,5.2,Sindhupalchowk
B.S:2072-1-12A.D:2015-04-25,Local:14:05UTC:08:20,5.1,Dhading
B.S:2072-1-12A.D:2015-04-25,Local:19:15UTC:13:30,4.7,Rasuwa
B.S:2072-1-12A.D:2015-04-25,Local:19:38UTC:13:53,4.1,Nuwakot
B.S:2072-1-12A.D:2015-04-25,Local:05:25UTC:11:40 PM,4.0,Rasuwa
B.S:2072-1-12A.D:2015-04-25,Local:05:31UTC:11:46 PM,4.1,Sindhupalchowk
B.S:2072-1-12A.D:2015-04-25,Local:12:23UTC:06:38,5.5,Tibet
B.S:2072-1-12A.D:2015-04-25,Local:13:32UTC:07:47,5.1,Tibet
B.S:2072-1-12A.D:2015-04-25,Local:05:12UTC:11:27 PM,5.6,Tibet
B.S:2072-1-12A.D:2015-04-25,Local:18:24UTC:12:39,4.5,Dolakha
B.S:2072-1-12A.D:2015-04-25,Local:01:06UTC:7:21 PM,4.9,Dolakha
B.S:2072-1-12A.D:2015-04-25,Local:02:06UTC:8:21 PM,4.5,Dolakha
B.S:2072-1-12A.D:2015-04-25,Local:05:10UTC:11:25 PM,4.0,Nuwakot
B.S:2072-1-12A.D:2015-04-25,Local:05:09UTC:11:24 PM,4.0,Sindhupalchowk
B.S:2072-1-12A.D:2015-04-25,Local:05:04UTC:11:19 PM,4.1,Sindhupalchowk
B.S:2072-1-12A.D:2015-04-25,Local:04:16UTC:10:31 PM,4.0,Nuwakot
B.S:2072-1-12A.D:2015-04-25,Local:03:57UTC:10:12 PM,5.3,Sindhupalchowk
B.S:2072-1-12A.D:2015-04-25,Local:02:47UTC:9:02 PM,4.2,Sindhupalchowk
B.S:2072-1-12A.D:2015-04-25,Local:02:21UTC:8:36 PM,4.4,Rasuwa
B.S:2072-1-12A.D:2015-04-25,Local:02:10UTC:8:25 PM,5.0,Sindhupalchowk
B.S:2072-1-12A.D:2015-04-25,Local:01:53UTC:8:08 PM,4.1,Rasuwa
B.S:2072-1-12A.D:2015-04-25,Local:01:40UTC:7:55 PM,4.7,Sindhupalchowk
B.S:2072-1-12A.D:2015-04-25,Local:01:32UTC:7:47 PM,4.1,Kathmandu
B.S:2072-1-10A.D:2015-04-23,Local:07:42UTC:1:57 AM,4.1,Kaski
B.S:2072-1-9A.D:2015-04-22,Local:12:59UTC:7:14 AM,4.5,Jajarkot
B.S:2072-1-8A.D:2015-04-21,Local:01:37UTC:7:52 PM,5.1,Jajarkot
B.S:2071-11-2A.D:2015-02-14,Local:04:36UTC:10:51 PM,4.5,Bhojpur
B.S:2071-10-17A.D:2015-01-31,Local:01:29UTC:7:44 PM,5.5,Kaski
B.S:2071-10-8A.D:2015-01-22,Local:15:12UTC:9:27 AM,4.4,Doti
B.S:2071-9-22A.D:2015-01-06,Local:07:11UTC:1:26 AM,4.5,Dailekh
B.S:2073-8-13A.D:2016-11-28,Local:05:20UTC:23:35,5.6,Ramechap/Solukhumbu
B.S:2073-7-21A.D:2016-11-06,Local:21:47UTC:4:02 PM,4.0,Bajhang
B.S:2073-7-1A.D:2016-10-17,Local:10:03UTC:04:18,4.0,Nuwakot
B.S:2073-6-29A.D:2016-10-15,Local:18:22UTC:12:37,4.1,Rasuwa
B.S:2073-6-26A.D:2016-10-12,Local:14:14UTC:08:29,4.1,Dolakha
B.S:2073-6-25A.D:2016-10-11,Local:12:53UTC:07:08,4.6,Dolakha
B.S:2073-6-21A.D:2016-10-07,Local:10:37UTC:04:52,4.2,Dolakha
B.S:2073-6-2A.D:2016-09-18,Local:22:57UTC:17:12,4.6,Sindhupalchowk
B.S:2073-5-20A.D:2016-09-05,Local:06:22UTC:00:37,4.1,Dolakha
B.S:2073-5-20A.D:2016-09-05,Local:07:49UTC:02:04,4.5,Dolakha
B.S:2073-5-11A.D:2016-08-27,Local:17:48UTC:12:03 PM,4.0,Bajura
B.S:2073-4-8A.D:2016-07-23,Local:11:59UTC:06:14,4.1,Gorkha
B.S:2073-3-24A.D:2016-07-08,Local:04:08UTC:22:23,4.1,Dolakha
B.S:2073-3-23A.D:2016-07-07,Local:17:38UTC:11:53,4.4,Sindhupalchowk
B.S:2073-3-23A.D:2016-07-07,Local:14:44UTC:08:59,4.3,Lamjung
B.S:2073-3-18A.D:2016-07-02,Local:06:08UTC:12:23 AM,4.4,Bajhang
B.S:2073-3-15A.D:2016-06-29,Local:14:55UTC:9:10 AM,5.0,Bajhang
B.S:2073-3-15A.D:2016-06-29,Local:15:11UTC:9:26 AM,4.2,Bajhang
B.S:2073-3-8A.D:2016-06-22,Local:18:45UTC:13:00,4.1,Dolakha
B.S:2073-3-7A.D:2016-06-21,Local:11:34UTC:05:49,4.4,Nuwakot
B.S:2073-2-32A.D:2016-06-14,Local:05:12UTC:23:27,4.3,Gorkha
B.S:2073-2-21A.D:2016-06-03,Local:05:10UTC:23:25,4.4,Sindhupalchowk
B.S:2073-2-15A.D:2016-05-28,Local:15:24UTC:09:39,4.6,Sindhupalchok
B.S:2073-2-11A.D:2016-05-24,Local:00:54UTC:19:09,4.2,Dhading
B.S:2073-2-2A.D:2016-05-15,Local:04:30UTC:22:45,4.4,Sindhupalchowk
B.S:2073-2-1A.D:2016-05-14,Local:05:05UTC:23:20,4.3,Sindhupalchowk
B.S:2073-1-31A.D:2016-05-13,Local:01:09UTC:19:24,4.1,Dolakha
B.S:2073-1-29A.D:2016-05-11,Local:14:37UTC:08:52,4.5,Gorkha
B.S:2073-1-29A.D:2016-05-11,Local:07:04UTC:01:19,4.4,Dhading
B.S:2073-1-23A.D:2016-05-05,Local:10:31UTC:04:46,4.1,Gorkha/Dhading
B.S:2073-1-22A.D:2016-05-04,Local:11:17UTC:5:32 AM,4.0,Kalikot
B.S:2073-1-18A.D:2016-04-30,Local:12:28UTC:6:43 AM,4.2,Bajhang
B.S:2073-1-14A.D:2016-04-26,Local:15:18UTC:09:33,4.3,Rasuwa
B.S:2073-1-12A.D:2016-04-24,Local:02:16UTC:20:31,4.2,Nuwakot
B.S:2073-1-10A.D:2016-04-22,Local:16:49UTC:11:04,4.0,Sindhupalchowk
B.S:2073-1-10A.D:2016-04-22,Local:12:41UTC:06:56,4.0,Dolakha
B.S:2072-12-30A.D:2016-04-12,Local:20:26UTC:14:41,4.4,Dolakha
B.S:2072-12-27A.D:2016-04-09,Local:19:05UTC:13:20,4.5,Lalitpur
B.S:2072-12-22A.D:2016-04-04,Local:09:40UTC:3:55 AM,4.3,Bajhang
B.S:2072-12-22A.D:2016-04-04,Local:10:16UTC:04:31,4.7,Dolakha
B.S:2072-12-18A.D:2016-03-31,Local:04:26UTC:22:41,4.0,Sindhupalchowk
B.S:2072-12-17A.D:2016-03-30,Local:18:11UTC:12:26,4.7,Sindhupalchowk
B.S:2072-12-11A.D:2016-03-24,Local:05:26UTC:23:41,4.1,Taplejung
B.S:2072-12-4A.D:2016-03-17,Local:10:59UTC:05:14,4.0,Okhaldhunga
B.S:2072-12-2A.D:2016-03-15,Local:03:12UTC:21:27,4.5,Sindhupalchowk
B.S:2072-11-30A.D:2016-03-13,Local:11:00UTC:05:15,4.8,Dhading
B.S:2072-11-28A.D:2016-03-11,Local:15:13UTC:09:28,4.2,Sindhupalchowk
B.S:2072-11-24A.D:2016-03-07,Local:13:50UTC:8:05 AM,4.4,Humla
B.S:2072-11-23A.D:2016-03-06,Local:07:10UTC:01:25,4.0,Sindhupalchowk
B.S:2072-11-18A.D:2016-03-01,Local:16:30UTC:10:45,4.3,Sindhupalchowk
B.S:2072-11-12A.D:2016-02-24,Local:15:07UTC:09:22,5.4,Sindhupalchok
B.S:2072-11-11A.D:2016-02-23,Local:08:45UTC:3:00 AM,4.5,Sankhuwasava
B.S:2072-11-9A.D:2016-02-21,Local:23:54UTC:18:09,5.5,Gorkha
B.S:2072-11-8A.D:2016-02-20,Local:03:54UTC:22:09,4.1,Nuwakot
B.S:2072-11-1A.D:2016-02-13,Local:20:22UTC:14:37,4.3,Sindhupalchowk
B.S:2072-10-27A.D:2016-02-10,Local:22:12UTC:16:27,4.6,Sindhupalchowk
B.S:2072-10-22A.D:2016-02-05,Local:22:05UTC:16:20,5.5,Sindhupalchowk
B.S:2072-10-13A.D:2016-01-27,Local:20:42UTC:14:57,4.2,Siraha
B.S:2072-10-13A.D:2016-01-27,Local:02:27UTC:8:42 PM,4.4,Sindhupalchowk
B.S:2072-10-8A.D:2016-01-22,Local:01:07UTC:19:22,4.6,Nuwakot
B.S:2072-10-1A.D:2016-01-15,Local:22:59UTC:17:14,4.3,Dolakha
B.S:2072-10-1A.D:2016-01-15,Local:18:50UTC:13:05,4.1,Dolakha
B.S:2072-9-25A.D:2016-01-09,Local:23:28UTC:17:43,4.4,Ramechhap
B.S:2072-9-20A.D:2016-01-04,Local:18:47UTC:13:02,4.1,Dolakha
B.S:2072-9-18A.D:2016-01-02,Local:03:15UTC:21:30,4.2,Sindhupalchowk
B.S:2074-9-13A.D:2017-12-28,Local:13:30UTC:7:45,4.5,Darchula
B.S:2074-9-3A.D:2017-12-18,Local:17:18UTC:11:33,4.2,Sindhupalchowk
B.S:2074-8-22A.D:2017-12-08,Local:08:36UTC:02:51,5.2,Dolakha
B.S:2074-7-20A.D:2017-11-06,Local:08:54UTC:3:09 AM,4.5,Bajhang
B.S:2074-7-9A.D:2017-10-26,Local:18:36UTC:12:51 PM,4.0,Achham
B.S:2074-6-29A.D:2017-10-15,Local:05:02UTC:11:17 PM,4.2,Myagdi
B.S:2074-6-16A.D:2017-10-02,Local:07:07UTC:1:22 AM,4.1,Rukum
B.S:2074-6-5A.D:2017-09-21,Local:13:04UTC:07:19,4.6,Dolakha
B.S:2074-5-8A.D:2017-08-24,Local:16:25UTC:10:40,4.8,Sindhupalchok-Tibet border
B.S:2074-5-6A.D:2017-08-22,Local:06:35UTC:12:50 AM,4.9,Bajhang
B.S:2074-5-5A.D:2017-08-21,Local:17:48UTC:12:03,4.6,Dolakha
B.S:2074-4-9A.D:2017-07-24,Local:10:29UTC:04:44,4.0,Dolakha
B.S:2074-3-31A.D:2017-07-15,Local:22:20UTC:4:35 PM,4.0,Dailekh
B.S:2074-3-18A.D:2017-07-02,Local:07:43UTC:01:58,5.1,Okhaldhunga
B.S:2074-3-14A.D:2017-06-28,Local:00:09UTC:18:24,4.2,Ramechhap
B.S:2074-2-31A.D:2017-06-14,Local:09:27UTC:3:42 AM,4.1,Taplejung-Tibet Border
B.S:2074-2-29A.D:2017-06-12,Local:17:39UTC:11:54,4.1,Dolakha
B.S:2074-2-16A.D:2017-05-30,Local:23:23UTC:5:38 PM,4.1,Bajhang
B.S:2074-1-11A.D:2017-04-24,Local:20:49UTC:3:04 PM,4.1,Bajhang
B.S:2074-1-11A.D:2017-04-24,Local:17:04UTC:11:19,4.2,Sindhupalchowk
B.S:2073-11-27A.D:2017-03-10,Local:07:28UTC:1:43 AM,4.1,Humla
B.S:2073-11-16A.D:2017-02-27,Local:10:06UTC:04:21,4.7,Ramechhap
B.S:2073-11-16A.D:2017-02-27,Local:09:22UTC:03:37,4.6,Ramechhap
B.S:2073-11-7A.D:2017-02-18,Local:06:00UTC:00:15,4.0,Dhading
B.S:2073-10-28A.D:2017-02-10,Local:16:58UTC:11:13 AM,4.1,Darchula
B.S:2073-10-22A.D:2017-02-04,Local:17:58UTC:12:13,4.4,Dolakha
B.S:2073-9-19A.D:2017-01-03,Local:00:26UTC:6:41 PM,4.0,Bajura
